series,year,value
districts,1939,117108.0
districts,1949,83718.0
districts,1959,40520.0
districts,1961,35676.0
districts,1963,31705.0
districts,1965,26983.0
districts,1967,22010.0
districts,1970,17995.0
districts,1973,16730.0
districts,1975,16376.0
districts,1976,16271.0
districts,1978,16014.0
districts,1980,15912.0
districts,1982,15824.0
districts,1986,15713.0
districts,1988,15376.0
districts,1990,15358.0
districts,1992,15025.0
districts,1994,14772.0
districts,1996,14841.0
districts,1998,14891.0
districts,2000,14859.0
districts,2001,14559.0
districts,2002,14465.0
districts,2003,14383.0
districts,2004,14205.0
districts,2005,14166.0
districts,2006,13856.0
districts,2007,13838.0
districts,2008,13809.0
districts,2009,13625.0
districts,2010,13588.0
districts,2011,13567.0
districts,2012,13515.0
districts,2013,13491.0
districts,2014,13601.0
districts,2015,13584.0
districts,2016,13598.0
districts,2017,13551.0
districts,2018,13452.0
districts,2019,13349.0
districts,2020,13335.0
districts,2021,13318.0
districts,2022,13318.0
one_teacher_schools,1909,212448.0
one_teacher_schools,1919,187948.0
one_teacher_schools,1929,148712.0
one_teacher_schools,1939,113600.0
one_teacher_schools,1949,59652.0
one_teacher_schools,1959,20213.0
one_teacher_schools,1961,13333.0
one_teacher_schools,1963,9895.0
one_teacher_schools,1965,6491.0
one_teacher_schools,1967,4146.0
one_teacher_schools,1970,1815.0
one_teacher_schools,1973,1365.0
one_teacher_schools,1975,1166.0
one_teacher_schools,1976,1111.0
one_teacher_schools,1978,1056.0
one_teacher_schools,1980,921.0
one_teacher_schools,1982,798.0
one_teacher_schools,1984,825.0
one_teacher_schools,1986,763.0
one_teacher_schools,1988,583.0
one_teacher_schools,1990,617.0
one_teacher_schools,1992,430.0
one_teacher_schools,1994,458.0
one_teacher_schools,1996,487.0
one_teacher_schools,1998,463.0
one_teacher_schools,2000,411.0
one_teacher_schools,2001,408.0
one_teacher_schools,2002,366.0
one_teacher_schools,2003,376.0
one_teacher_schools,2004,338.0
one_teacher_schools,2005,326.0
one_teacher_schools,2006,313.0
one_teacher_schools,2007,288.0
one_teacher_schools,2008,237.0
one_teacher_schools,2009,217.0
one_teacher_schools,2010,224.0
one_teacher_schools,2011,205.0
one_teacher_schools,2012,196.0
one_teacher_schools,2013,193.0
one_teacher_schools,2014,165.0
one_teacher_schools,2015,197.0
one_teacher_schools,2016,203.0
one_teacher_schools,2017,188.0
one_teacher_schools,2018,185.0
one_teacher_schools,2019,187.0
one_teacher_schools,2020,171.0
one_teacher_schools,2021,166.0
one_teacher_schools,2022,169.0
enrollment_k,1869,7562.0
enrollment_k,1879,9867.0
enrollment_k,1889,12723.0
enrollment_k,1899,15503.0
enrollment_k,1909,17814.0
enrollment_k,1919,21578.0
enrollment_k,1929,25678.0
enrollment_k,1939,25434.0
enrollment_k,1949,25112.0
enrollment_k,1959,36087.0
enrollment_k,1969,45550.0
enrollment_k,1979,41651.0
enrollment_k,1989,40542.706999999995
enrollment_k,1999,46857.149000000005
enrollment_k,2009,49360.982
enrollment_k,2015,50438.043
enrollment_k,2016,50615.189
enrollment_k,2017,50685.567
enrollment_k,2018,50694.061
enrollment_k,2019,50796.44500000001
term_days,1869,132.2
term_days,1879,130.3
term_days,1889,134.7
term_days,1899,144.3
term_days,1909,157.5
term_days,1919,161.9
term_days,1929,172.7
term_days,1939,175.0
term_days,1949,177.9
term_days,1959,178.0
term_days,1969,178.9
term_days,1979,178.5
term_days,1999,179.38759363116978
term_days,2009,178.5528329475035
term_days,2015,179.1984471955039
term_days,2016,179.1974763358373
term_days,2017,179.1950989735998
term_days,2018,179.1512468506794
days_attended,1869,78.4
days_attended,1879,81.1
days_attended,1889,86.3
days_attended,1899,99.0
days_attended,1909,113.0
days_attended,1919,121.2
days_attended,1929,143.0
days_attended,1939,151.7
days_attended,1949,157.9
days_attended,1959,160.2
days_attended,1969,161.7
days_attended,1979,160.8
days_attended,1999,169.16250079419308
days_attended,2015,167.61590397202792
days_attended,2017,166.9486646617835
local_revenue_pct,1919,83.24332737874965
local_revenue_pct,1929,82.71514734814515
local_revenue_pct,1939,67.96481528422355
local_revenue_pct,1949,57.30148588093089
local_revenue_pct,1959,56.46672342092268
local_revenue_pct,1969,52.11371507362793
local_revenue_pct,1979,43.38182084600058
local_revenue_pct,1989,46.80378455283599
local_revenue_pct,1999,43.23240736713886
local_revenue_pct,2009,43.85193272053361
local_revenue_pct,2015,44.827925426255554
local_revenue_pct,2016,44.86296623857716
local_revenue_pct,2017,45.321504881241744
local_revenue_pct,2018,45.07236336102982
local_revenue_pct,2019,44.90932754361573
full_day_k_pct,1970,13.527509154448117
full_day_k_pct,1980,30.042987834315287
full_day_k_pct,1990,43.517725859205456
full_day_k_pct,2000,59.993245339298
full_day_k_pct,2003,63.67932753200984
full_day_k_pct,2005,69.49111073150257
full_day_k_pct,2010,72.9648429358709
full_day_k_pct,2015,81.48964165738984
full_day_k_pct,2016,81.10034963528116
full_day_k_pct,2017,78.7331416722121
full_day_k_pct,2018,80.84798274019803
